{
    "AL": -0.15866666444142669,
    "AK": -0.16066666658719392,
    "AZ": -0.0599999958276749,
    "AR": -0.6400000190734865,
    "CA": 0.012812501266598775,
    "CO": -0.1717647057421069,
    "CT": 0.013714281354631704,
    "FL": 0.02066666777928674,
    "GA": -0.04200000035762792,
    "HI": -0.07926828686783956,
    "ID": -0.16541666681567838,
    "IL": -0.09968750767409815,
    "IN": -0.046250002682209024,
    "IA": 0.06083333353201544,
    "KS": -0.07878787806539828,
    "KY": -0.1617647041292753,
    "LA": -0.14574999737739572,
    "ME": -0.1711363626068289,
    "MD": -0.008181823166933977,
    "MA": -0.15517241584843616,
    "MI": -0.12756097305111774,
    "MN": -0.15750000320374968,
    "MS": -0.20411764200995955,
    "MO": -0.20194445133209238,
    "MT": -0.1080555550919639,
    "NE": -0.0304761817341759,
    "NV": -0.13270270089845412,
    "NH": -0.12181818246841432,
    "NJ": 0.24399999475479142,
    "NM": -0.013684212973243352,
    "NY": -0.20230768912877806,
    "NC": -0.13125000476837165,
    "ND": -0.6400000190734865,
    "OH": -0.0020454585010355564,
    "OK": -0.15028571680613934,
    "OR": -0.16146341690203048,
    "PA": 0.25,
    "RI": -0.09254544795643205,
    "SC": -0.11265306287882286,
    "SD": -0.23413793539178798,
    "TN": 0.1929411724034478,
    "TX": -0.011538460621467052,
    "UT": -0.12000000953674335,
    "VT": -0.1599999970059063,
    "VA": -0.0026666679382324255,
    "WA": 0.09923076978096598
}