{
    "AL": -0.3110000088214876,
    "AK": -0.20062500253319754,
    "AZ": -0.16849056428333503,
    "AR": -0.082499994635582,
    "CA": -0.09100000087420153,
    "CO": -0.06846153534375712,
    "CT": -0.197931030207667,
    "FL": -0.09857142278126307,
    "GA": -0.18186046339744752,
    "HI": -0.23999999706561764,
    "ID": -0.08499999880790712,
    "IL": -0.10941176814191485,
    "IN": -0.14729729665292285,
    "IA": -0.11312500178813945,
    "KS": -0.3371428595270431,
    "KY": -0.3866666573286059,
    "LA": -0.2077272753282028,
    "ME": -0.16499999225139628,
    "MD": -0.22319148570933253,
    "MA": -0.20775000369548816,
    "MI": -0.32400000548362745,
    "MN": -0.24480000038146982,
    "MS": -0.2671428678716933,
    "MO": -0.19812501214444656,
    "MT": -0.40166667342185985,
    "NE": 0.052000004529952994,
    "NV": -0.12212766074119738,
    "NH": -0.012857125146048531,
    "NJ": -0.22538461312269567,
    "NM": -0.10785714702946812,
    "NY": -0.19866666722297682,
    "NC": -0.0879166668653489,
    "ND": -0.565000001192093,
    "OH": -0.16433333738644923,
    "OK": -0.19656250581145304,
    "OR": -0.04630434321320576,
    "PA": -0.2468181732567875,
    "RI": -0.26600000762939474,
    "SC": -0.11333333141273931,
    "SD": -0.6400000190734865,
    "TN": -0.2938636326247997,
    "TX": -0.02874999582767492,
    "UT": -0.11470588656032799,
    "VT": -0.2720000152587893,
    "VA": -0.06891304290812954,
    "WA": -0.12812499180436143
}