{
    "AL": -0.13000000469146247,
    "AK": -0.07333334048589085,
    "AZ": -0.07453124893829229,
    "AR": -0.20347824257353092,
    "CA": -0.1582608688395957,
    "CO": -0.07566037823569105,
    "CT": -0.09727272786877374,
    "FL": -0.07280701723015101,
    "GA": -0.08390625312924385,
    "HI": -0.3000000083446505,
    "ID": -0.09750000377496078,
    "IL": -0.03985507548719214,
    "IN": -0.03451613222399068,
    "IA": -0.10444444391462543,
    "KS": -0.22437499858438986,
    "KY": 0.03690476176284611,
    "LA": 0,
    "ME": 0.021250000447034817,
    "MD": -0.00772727207704026,
    "MA": 0.11685185028447048,
    "MI": -0.0894736860927783,
    "MN": -0.03032258356771165,
    "MS": 0.00692307288830098,
    "MO": 0.0873809501954488,
    "MT": -0.23000000323568082,
    "NE": -0.22833334336678202,
    "NV": -0.21999999761581435,
    "NH": 0.11222221083111232,
    "NJ": -0.09857142601694382,
    "NM": -0.05470588179195628,
    "NY": -0.1664444416893854,
    "NC": 0.046315787403207166,
    "ND": 0.1500000095367433,
    "OH": -0.09677965786497476,
    "OK": -0.04565218065095988,
    "OR": 0.05483871044651156,
    "PA": -0.17325000095367438,
    "RI": 0.3087499974668029,
    "SC": 0.08488371704899995,
    "SD": -0.12800000023841868,
    "TN": 0.20750000059604656,
    "TX": -0.05642856981073109,
    "UT": -0.09133333079020192,
    "VT": -0.13500001072883627,
    "VA": -0.13368421419670717,
    "WA": 0.008999998927116382
}