{
    "AL": -0.13620690148452247,
    "AK": -0.10571429525102907,
    "AZ": -0.08438596374110173,
    "AR": -0.2359999790191652,
    "CA": -0.17999999910593042,
    "CO": -0.09452381060236983,
    "CT": -0.10631578997561808,
    "FL": -0.08379999966621401,
    "GA": -0.09083333671092987,
    "HI": -0.36500001013278993,
    "ID": -0.09750000377496078,
    "IL": -0.04758064862220518,
    "IN": -0.04269231154368477,
    "IA": -0.1342857136045184,
    "KS": -0.2419999985694887,
    "KY": 0.038648648390898856,
    "LA": 0,
    "ME": 0.03000000068119592,
    "MD": -0.011666665938165479,
    "MA": 0.1458139514923096,
    "MI": -0.11225806690031487,
    "MN": -0.0348148181703356,
    "MS": 0.008181813413446613,
    "MO": 0.11242423967881643,
    "MT": -0.2750000039736431,
    "NE": -0.3000000132454768,
    "NV": -0.21999999761581435,
    "NH": 0.11222221083111232,
    "NJ": -0.11366666364669804,
    "NM": -0.05470588179195628,
    "NY": -0.21857142516544897,
    "NC": 0.06571428298950208,
    "ND": 0.1500000095367433,
    "OH": -0.10882352567186547,
    "OK": -0.05650000786781315,
    "OR": 0.05703703774346248,
    "PA": -0.1902777787711886,
    "RI": 0.3585714258466451,
    "SC": 0.09358973931043583,
    "SD": -0.15000000000000013,
    "TN": 0.20750000059604656,
    "TX": -0.07899999773502353,
    "UT": -0.0978571401323592,
    "VT": -0.13500001072883627,
    "VA": -0.13621621995358865,
    "WA": 0.009999998807907091
}