{
    "AL": -0.29093751057982464,
    "AK": 0.3560000064373018,
    "AZ": -0.17857142686843883,
    "AR": -0.024761902377719004,
    "CA": -0.02122806795856408,
    "CO": 0.09736841320991518,
    "CT": -0.08153846809497246,
    "FL": -0.05566037848310651,
    "GA": -0.0102325599692588,
    "HI": 0.14600000762939463,
    "ID": -0.017999994277954113,
    "IL": 0.020312504284083856,
    "IN": -0.042368421805532346,
    "IA": 0.017500001266598772,
    "KS": -0.05285713783332286,
    "KY": -0.23368420713826238,
    "LA": -0.032000004132588744,
    "ME": 0.011428569214684745,
    "MD": -0.13361702437096462,
    "MA": 0.05893616470884772,
    "MI": -0.12266666773955036,
    "MN": -0.05290322469126802,
    "MS": -0.11120000057220465,
    "MO": -0.0015625033527612853,
    "MT": -0.07600000524520886,
    "NE": -0.16166666477918637,
    "NV": -0.07320754878925831,
    "NH": -0.07999999761581425,
    "NJ": 0.0849999938408534,
    "NM": -0.0964999989271164,
    "NY": 0.035588235609671635,
    "NC": -0.0741538474009588,
    "ND": 0.2750000059604645,
    "OH": -0.09363636331124749,
    "OK": 0.06533332792917891,
    "OR": 0.015454548163847451,
    "PA": -0.06754386194965298,
    "RI": -0.06846153580225438,
    "SC": -0.10407407160158513,
    "SD": 0.5366666603088381,
    "TN": -0.06183673279626033,
    "TX": -0.0675510197756242,
    "UT": 0.1249999956952202,
    "VT": -0.30500001430511503,
    "VA": -0.030357142857142878,
    "WA": -0.02066667155424755
}