{
    "AL": -0.13999999803655297,
    "AK": -0.12263157875914332,
    "AZ": -0.039999997218449934,
    "AR": -0.6400000190734865,
    "CA": 0.013589744720703578,
    "CO": -0.14285714285714302,
    "CT": 0.014285710737818771,
    "FL": 0.007894737469522605,
    "GA": -0.03520000033378605,
    "HI": -0.06469387263667829,
    "ID": -0.14945454573631292,
    "IL": -0.09382353663444531,
    "IN": -0.03700000214576722,
    "IA": 0.04057142867360793,
    "KS": -0.0736842100557528,
    "KY": -0.1379487163286944,
    "LA": -0.11659999790191657,
    "ME": -0.136181817336516,
    "MD": -0.011621626196680888,
    "MA": -0.12157894903107704,
    "MI": -0.10018867731094364,
    "MN": -0.13473684486589935,
    "MS": -0.15434782245884773,
    "MO": -0.1670454602349889,
    "MT": -0.09386363614689222,
    "NE": -0.026666659955625175,
    "NV": -0.11785714129606892,
    "NH": -0.08714285739830563,
    "NJ": 0.24399999475479142,
    "NM": -0.010980394003438039,
    "NY": -0.17711110840903393,
    "NC": -0.10937500397364304,
    "ND": -0.21333333969116217,
    "OH": 0.000588231951582632,
    "OK": -0.12428571635768534,
    "OR": -0.11464285869683546,
    "PA": 0.08333333333333333,
    "RI": -0.07707691746491657,
    "SC": -0.09311475550542117,
    "SD": -0.21593750406056655,
    "TN": 0.16842104886707512,
    "TX": -0.012820512362015587,
    "UT": -0.10000000745058074,
    "VT": -0.11932203179698886,
    "VA": -0.002105264161762441,
    "WA": 0.08600000047683717
}