{
    "AL": -0.3296428691489358,
    "AK": 0.43500000774860403,
    "AZ": -0.17857142686843883,
    "AR": -0.03157894485875184,
    "CA": -0.023061221862325867,
    "CO": 0.10499999178780452,
    "CT": -0.09043478996857354,
    "FL": -0.060222223387824174,
    "GA": -0.007567569565128562,
    "HI": 0.14600000762939463,
    "ID": -0.0033333230018615843,
    "IL": 0.02440000543594362,
    "IN": -0.047352942017947916,
    "IA": 0.024615386265974867,
    "KS": -0.0538461483441867,
    "KY": -0.26117646680158735,
    "LA": -0.057777784797880455,
    "ME": 0.009999995827675079,
    "MD": -0.15897436264233725,
    "MA": 0.0713888815376494,
    "MI": -0.15166666795810074,
    "MN": -0.07333333204189947,
    "MS": -0.1323809530621484,
    "MO": -0.007500004002026169,
    "MT": -0.07600000524520886,
    "NE": -0.17999999804930267,
    "NV": -0.09023256013559744,
    "NH": -0.07999999761581425,
    "NJ": 0.11749999046325688,
    "NM": -0.11166666560702855,
    "NY": 0.04680000038146972,
    "NC": -0.09698113378488801,
    "ND": 0.2750000059604645,
    "OH": -0.10892857100282408,
    "OK": 0.09636362921107904,
    "OR": 0.015476193882170131,
    "PA": -0.08191489640702598,
    "RI": -0.07083333035310117,
    "SC": -0.13571428259213766,
    "SD": 0.5366666603088381,
    "TN": -0.07195121718616024,
    "TX": -0.08268292613145785,
    "UT": 0.17615384028508127,
    "VT": -0.30500001430511503,
    "VA": -0.02874999980131787,
    "WA": -0.02640000591278078
}