{
    "AL": -0.3110000088214876,
    "AK": -0.20062500253319754,
    "AZ": -0.14174603027010726,
    "AR": -0.082499994635582,
    "CA": -0.07914285792623253,
    "CO": -0.053124997392296855,
    "CT": -0.18516128632330137,
    "FL": -0.05416666318972905,
    "GA": -0.13999999878699323,
    "HI": -0.22571428307465155,
    "ID": -0.08199999896685285,
    "IL": -0.09700000303983689,
    "IN": -0.1228888884120518,
    "IA": -0.08428571559133993,
    "KS": -0.29000000193715114,
    "KY": -0.3173333261013032,
    "LA": -0.19375000248352695,
    "ME": -0.15764705160084902,
    "MD": -0.19072726960615688,
    "MA": -0.1997619083381836,
    "MI": -0.2766666714350383,
    "MN": -0.211034483087474,
    "MS": -0.19100000762939456,
    "MO": -0.15450000959634796,
    "MT": -0.35000000596046454,
    "NE": 0.03142857449395315,
    "NV": -0.10035714377249998,
    "NH": -0.0011110970709059902,
    "NJ": -0.2044186025996542,
    "NM": -0.10066667056083692,
    "NY": -0.15384615430465123,
    "NC": -0.07193548414015008,
    "ND": -0.390000001192093,
    "OH": -0.13864865209605248,
    "OK": -0.17250000509950866,
    "OR": -0.036666662923076715,
    "PA": -0.21192306977051964,
    "RI": -0.19000000544956766,
    "SC": -0.09155555404557128,
    "SD": -0.3400000101327897,
    "TN": -0.2501923045745264,
    "TX": -0.024642853566578502,
    "UT": -0.11470588656032799,
    "VT": -0.2720000152587893,
    "VA": -0.053508771406976845,
    "WA": -0.09318181222135377
}