{
    "AL": -0.0065306107365355505,
    "AK": -0.06730769093220051,
    "AZ": -0.09395348798396984,
    "AR": -0.19000000544956766,
    "CA": -0.26902438594073796,
    "CO": -0.23399999713897715,
    "CT": 0.09424242438692042,
    "FL": -0.16722222646077484,
    "GA": -0.12136363137852069,
    "HI": 0.05333331902821851,
    "ID": -0.11177777889039789,
    "IL": -0.14514285687037884,
    "IN": -0.012045454057780146,
    "IA": 0.03833333671092985,
    "KS": -0.026486488484047558,
    "KY": -0.08076922985223635,
    "LA": -0.05416666865348818,
    "ME": -0.1302040797350359,
    "MD": -0.16380952273096366,
    "MA": 0.008749998584389712
}