{
    "AL": -0.03319999890327454,
    "AK": -0.15794117534861854,
    "AZ": -0.1379999923706055,
    "AR": -0.10222222791777726,
    "CA": -0.2280000022252402,
    "CO": -0.1834999951124192,
    "CT": -0.11827585968477976,
    "FL": -0.10173913903858356,
    "GA": -0.16900000000000007,
    "HI": -0.09285714456013272,
    "ID": -0.08925000292062765,
    "IL": -0.10743589792496124,
    "IN": -0.19415094533056584,
    "IA": -0.20636363831433394,
    "KS": -0.0976666695276897,
    "KY": -0.2415384524602158,
    "LA": -0.1262499966224035,
    "ME": -0.16906249865889558,
    "MD": -0.056122450925865944,
    "MA": -0.1335714252789816,
    "MI": -0.07523810556956713,
    "MN": -0.45666668176651015,
    "MS": -0.0674999957614475,
    "MO": -0.16806451551375864,
    "MT": -0.10895833685994155,
    "NE": -0.4219999961853029,
    "NV": -0.24083332995573692,
    "NH": 0.07750000566244131,
    "NJ": -0.13833333089238128,
    "NM": -0.07113636341961956,
    "NY": -0.1489473691739535
}